council_name,council_code,polling_district_id,address,postcode,source
Southend-on-Sea Borough Council,E06000033,EA,,,
Southend-on-Sea Borough Council,E06000033,EAZ,,,
Southend-on-Sea Borough Council,E06000033,EB,,,
Southend-on-Sea Borough Council,E06000033,EBZ,,,
Southend-on-Sea Borough Council,E06000033,EC,,,
Southend-on-Sea Borough Council,E06000033,ECZ,,,
Southend-on-Sea Borough Council,E06000033,ED,,,
Southend-on-Sea Borough Council,E06000033,EDZ,,,
Southend-on-Sea Borough Council,E06000033,EE,,,
Southend-on-Sea Borough Council,E06000033,EEZ,,,
Southend-on-Sea Borough Council,E06000033,EF,,,
Southend-on-Sea Borough Council,E06000033,EFZ,,,
Southend-on-Sea Borough Council,E06000033,EG,,,
Southend-on-Sea Borough Council,E06000033,EGZ,,,
Southend-on-Sea Borough Council,E06000033,EH,,,
Southend-on-Sea Borough Council,E06000033,EHZ,,,
Southend-on-Sea Borough Council,E06000033,EJ,,,
Southend-on-Sea Borough Council,E06000033,EJZ,,,
Southend-on-Sea Borough Council,E06000033,EK,,,
Southend-on-Sea Borough Council,E06000033,EKZ,,,
Southend-on-Sea Borough Council,E06000033,EL,,,
Southend-on-Sea Borough Council,E06000033,ELZ,,,
Southend-on-Sea Borough Council,E06000033,EM,,,
Southend-on-Sea Borough Council,E06000033,EN,,,
Southend-on-Sea Borough Council,E06000033,EO,,,
Southend-on-Sea Borough Council,E06000033,EP,,,
Southend-on-Sea Borough Council,E06000033,EQ,,,
Southend-on-Sea Borough Council,E06000033,ER,,,
Southend-on-Sea Borough Council,E06000033,ES,,,
Southend-on-Sea Borough Council,E06000033,ET,,,
Southend-on-Sea Borough Council,E06000033,EU,,,
Southend-on-Sea Borough Council,E06000033,EV,,,
Southend-on-Sea Borough Council,E06000033,EW,,,
Southend-on-Sea Borough Council,E06000033,EX,,,
Southend-on-Sea Borough Council,E06000033,EY,,,
Southend-on-Sea Borough Council,E06000033,EZ,,,
Southend-on-Sea Borough Council,E06000033,WA,,,
Southend-on-Sea Borough Council,E06000033,WAZ,,,
Southend-on-Sea Borough Council,E06000033,WB,,,
Southend-on-Sea Borough Council,E06000033,WC,,,
Southend-on-Sea Borough Council,E06000033,WCZ,,,
Southend-on-Sea Borough Council,E06000033,WD,,,
Southend-on-Sea Borough Council,E06000033,WDZ,,,
Southend-on-Sea Borough Council,E06000033,WE,,,
Southend-on-Sea Borough Council,E06000033,WEZ,,,
Southend-on-Sea Borough Council,E06000033,WF,,,
Southend-on-Sea Borough Council,E06000033,WFZ,,,
Southend-on-Sea Borough Council,E06000033,WG,,,
Southend-on-Sea Borough Council,E06000033,WGZ,,,
Southend-on-Sea Borough Council,E06000033,WH,,,
Southend-on-Sea Borough Council,E06000033,WHZ,,,
Southend-on-Sea Borough Council,E06000033,WJ,,,
Southend-on-Sea Borough Council,E06000033,WJZ,,,
Southend-on-Sea Borough Council,E06000033,WK,,,
Southend-on-Sea Borough Council,E06000033,WKZ,,,
Southend-on-Sea Borough Council,E06000033,WL,,,
Southend-on-Sea Borough Council,E06000033,WLZ,,,
Southend-on-Sea Borough Council,E06000033,WM,,,
Southend-on-Sea Borough Council,E06000033,WMZ,,,
Southend-on-Sea Borough Council,E06000033,WN,,,
Southend-on-Sea Borough Council,E06000033,WNZ,,,
Southend-on-Sea Borough Council,E06000033,WO,,,
Southend-on-Sea Borough Council,E06000033,WOZ,,,
Southend-on-Sea Borough Council,E06000033,WP,,,
Southend-on-Sea Borough Council,E06000033,WPZ,,,
Southend-on-Sea Borough Council,E06000033,WQ,,,
Southend-on-Sea Borough Council,E06000033,WQZ,,,
Southend-on-Sea Borough Council,E06000033,WR,,,
Southend-on-Sea Borough Council,E06000033,WRZ,,,
Southend-on-Sea Borough Council,E06000033,WS,,,
Southend-on-Sea Borough Council,E06000033,WSZ,,,
Southend-on-Sea Borough Council,E06000033,WT,,,
Southend-on-Sea Borough Council,E06000033,WU,,,
Southend-on-Sea Borough Council,E06000033,WV,,,
Southend-on-Sea Borough Council,E06000033,WW,,,
Southend-on-Sea Borough Council,E06000033,WX,,,
Southend-on-Sea Borough Council,E06000033,WY,,,
Southend-on-Sea Borough Council,E06000033,WZ,,,
